"StoreName","total_sales"
"",964847.8174999981
Bi-Mart,17654159.564999454
Bargain Hunt,18970241.534999147
Big Lots,20704801.16250091
Target,21975798.075001016
Ross Stores,22833241.62000064
Fred Meyer,23907263.939999405
Gordmans,24127666.93750142
Harbor Freight Tools,24405804.937502094
Tuesday Morning,25301875.68999982
